website,count
www.uchospitals.edu,33
www.linkedin.com,27
med-spportal01.bsd.uchicago.edu,17
www.chicagobooth.edu,13
physics.uchicago.edu,11
www.norc.org,10
psychiatry.uchicago.edu,7
www.anl.gov,7
biomedsciences.uchicago.edu,7
www.stat.uchicago.edu,7
political-science.uchicago.edu,6
chicago.academia.edu,6
ime.uchicago.edu,6
harris.uchicago.edu,5
anesthesia.uchicago.edu,5
www.rdcep.org,5
familymedicine.bsd.uchicago.edu,5
economics.uchicago.edu,4
www.cs.uchicago.edu,4
www.radiology.uchicago.edu,4
epic.uchicago.edu,4
www.ci.uchicago.edu,4
neurology.uchicago.edu,3
cmts.uchicago.edu,3
chemistry.uchicago.edu,3
anthropology.uchicago.edu,3
english.uchicago.edu,3
salc.uchicago.edu,3
www.law.uchicago.edu,3
radonc-sites.uchicago.edu,3
psychology.uchicago.edu,3
southasia.uchicago.edu,3
geosci.uchicago.edu,3
cehd.uchicago.edu,3
newfaculty.uchicago.edu,2
ttic.uchicago.edu,2
cs.uchicago.edu,2
philosophy.uchicago.edu,2
pathology.uchicago.edu,2
muruganlab.uchicago.edu,2
health.bsd.uchicago.edu,2
faculty.chicagobooth.edu,2
pritzker.uchicago.edu,2
csmasters.uchicago.edu,2
sociology.uchicago.edu,2
history.uchicago.edu,2
www.researchgate.net,2
astro.uchicago.edu,2
math.uchicago.edu,2
socialthought.uchicago.edu,2
news.uchicago.edu,2
www.chapinhall.org,2
neurobiology.uchicago.edu,2
fvinstitute.com,1
complit.uchicago.edu,1
www.facebook.com,1
people.cs.uchicago.edu,1
scholar.harvard.edu,1
microbiology.uchicago.edu,1
em.uchicago.edu,1
ccct.uchicago.edu,1
www.poetryfoundation.org,1
www.igsb.org,1
www.sanjogmisra.com,1
ccpstudy.uchicago.edu,1
www.mcs.anl.gov,1
music.uchicago.edu,1
kicp.uchicago.edu,1
research.chicagobooth.edu,1
inlaksfoundation.org,1
ksupriya.weebly.com,1
irvinelab.uchicago.edu,1
ultracold.uchicago.edu,1
thetempest.co,1
www.hcp.med.harvard.edu,1
squishycell.uchicago.edu,1
www.contechicago.org,1
tirrell.ime.uchicago.edu,1
genes.uchicago.edu,1
bmb.bsd.uchicago.edu,1
thinakaranlab.uchicago.edu,1
systems.cs.uchicago.edu,1
ci3.uchicago.edu,1
flash.uchicago.edu,1
www.northshore.org,1
