website,refereneced counter
www.linkedin.com,4
www.researchgate.net,4
www.facebook.com,2
scholar.google.com,2
www.imperial.ac.uk,2
www.chab.ethz.ch,1
www.mavt.ethz.ch,1
www.biol.ethz.ch,1
www.bsse.ethz.ch,1
www.hest.ethz.ch,1
www.phys.ethz.ch,1
www.math.ethz.ch,1
www.ee.ethz.ch,1
www.mtec.ethz.ch,1
www.mat.ethz.ch,1
www.usys.ethz.ch,1
www.gess.ethz.ch,1
www.pb.ethz.ch,1
www.ethz.ch,1
www.inf.ethz.ch,1
www.bc.biol.ethz.ch,1
www.erdw.ethz.ch,1
www.fsm.ethz.ch,1
www.esc.ethz.ch,1
www.uchospitals.edu,1
med-spportal01.bsd.uchicago.edu,1
www.chicagobooth.edu,1
physics.uchicago.edu,1
www.norc.org,1
psychiatry.uchicago.edu,1
www.anl.gov,1
biomedsciences.uchicago.edu,1
www.stat.uchicago.edu,1
political-science.uchicago.edu,1
chicago.academia.edu,1
ime.uchicago.edu,1
harris.uchicago.edu,1
anesthesia.uchicago.edu,1
www.rdcep.org,1
familymedicine.bsd.uchicago.edu,1
economics.uchicago.edu,1
www.cs.uchicago.edu,1
www.radiology.uchicago.edu,1
epic.uchicago.edu,1
www.ci.uchicago.edu,1
neurology.uchicago.edu,1
cmts.uchicago.edu,1
chemistry.uchicago.edu,1
anthropology.uchicago.edu,1
english.uchicago.edu,1
salc.uchicago.edu,1
www.law.uchicago.edu,1
radonc-sites.uchicago.edu,1
psychology.uchicago.edu,1
southasia.uchicago.edu,1
geosci.uchicago.edu,1
cehd.uchicago.edu,1
newfaculty.uchicago.edu,1
ttic.uchicago.edu,1
cs.uchicago.edu,1
philosophy.uchicago.edu,1
pathology.uchicago.edu,1
muruganlab.uchicago.edu,1
health.bsd.uchicago.edu,1
faculty.chicagobooth.edu,1
pritzker.uchicago.edu,1
csmasters.uchicago.edu,1
sociology.uchicago.edu,1
history.uchicago.edu,1
astro.uchicago.edu,1
math.uchicago.edu,1
socialthought.uchicago.edu,1
news.uchicago.edu,1
www.chapinhall.org,1
neurobiology.uchicago.edu,1
fvinstitute.com,1
complit.uchicago.edu,1
people.cs.uchicago.edu,1
scholar.harvard.edu,1
microbiology.uchicago.edu,1
em.uchicago.edu,1
ccct.uchicago.edu,1
www.poetryfoundation.org,1
www.igsb.org,1
www.sanjogmisra.com,1
ccpstudy.uchicago.edu,1
www.mcs.anl.gov,1
music.uchicago.edu,1
kicp.uchicago.edu,1
research.chicagobooth.edu,1
inlaksfoundation.org,1
ksupriya.weebly.com,1
irvinelab.uchicago.edu,1
ultracold.uchicago.edu,1
thetempest.co,1
www.hcp.med.harvard.edu,1
squishycell.uchicago.edu,1
www.contechicago.org,1
tirrell.ime.uchicago.edu,1
genes.uchicago.edu,1
bmb.bsd.uchicago.edu,1
thinakaranlab.uchicago.edu,1
systems.cs.uchicago.edu,1
ci3.uchicago.edu,1
flash.uchicago.edu,1
www.northshore.org,1
stanfordhealthcare.org,1
med.stanford.edu,1
profiles.stanford.edu,1
web.stanford.edu,1
cap.stanford.edu,1
www.gsb.stanford.edu,1
biox.stanford.edu,1
twitter.com,1
earth.stanford.edu,1
en.wikipedia.org,1
mathematics.stanford.edu,1
scholar.google.co.in,1
bioengineering.stanford.edu,1
rocketreach.co,1
explorecourses.stanford.edu,1
politicalscience.stanford.edu,1
economics.stanford.edu,1
stanfordwho.stanford.edu,1
stanford.edu,1
statistics.stanford.edu,1
history.stanford.edu,1
cisac.fsi.stanford.edu,1
healthpolicy.fsi.stanford.edu,1
chemsysbio.stanford.edu,1
gender.stanford.edu,1
dlcl.stanford.edu,1
khavarilab.stanford.edu,1
sociology.stanford.edu,1
www.pubfacts.com,1
www.google.co.in,1
ccsre.stanford.edu,1
stemcellphd.stanford.edu,1
ai.stanford.edu,1
www.healthgrades.com,1
www.healthcare4ppl.com,1
neuroscience.stanford.edu,1
nan,1
medicine.stanford.edu,1
faculty-gsb.stanford.edu,1
energy.stanford.edu,1
music.stanford.edu,1
physics.stanford.edu,1
scid.stanford.edu,1
aa.stanford.edu,1
nmbl.stanford.edu,1
sites.stanford.edu,1
kyg.stanford.edu,1
comm.stanford.edu,1
people.stanford.edu,1
chemh-cbi.stanford.edu,1
www.kist.ed.jp,1
www.yatedo.com,1
www.sdnews.com,1
www.zoominfo.com,1
engineering.stanford.edu,1
www.cureus.com,1
openwetware.org,1
www.mathgenealogy.org,1
taps.stanford.edu,1
sites.fas.harvard.edu,1
sites.harvard.edu,1
shc.stanford.edu,1
astro.temple.edu,1
www.mendeley.com,1
chroniclevitae.com,1
community.chronicle.com,1
ortho.stanford.edu,1
www.zocdoc.com,1
myuha.org,1
medstro.com,1
www.johnmuirhealth.com,1
www.medicinenet.com,1
cssctr.com,1
www.fredhutch.org,1
www.alliancesites.com,1
momentumforhealth.org,1
www.ep3foundation.org,1
www.topnpi.com,1
www.mtncomp.net,1
graphics.stanford.edu,1
www.sutterhealth.org,1
statweb.stanford.edu,1
citeseerx.ist.psu.edu,1
math.iisc.ac.in,1
bmz.stanford.edu,1
radonc.stanford.edu,1
opennpi.com,1
su.org,1
ieeexplore.ieee.org,1
ganguli-gang.stanford.edu,1
www.stanfordchildrens.org,1
www.memorialhermann.org,1
english.stanford.edu,1
www.ashoka.edu.in,1
law.stanford.edu,1
experts.stanford.edu,1
news.stanford.edu,1
daldrup-link-lab.stanford.edu,1
havnet.stanford.edu,1
biodesign.stanford.edu,1
chemistry.stanford.edu,1
ccrma.stanford.edu,1
www.pluralpublishing.com,1
www.instagram.com,1
simes.stanford.edu,1
language.stanford.edu,1
www.mesas.emory.edu,1
tec.fsi.stanford.edu,1
scholar.google.co.uk,1
sites.google.com,1
fsi.stanford.edu,1
ashoksrivastava.com,1
fsi-live.s3.us-west-1.amazonaws.com,1
iriss.stanford.edu,1
www.geog.ox.ac.uk,1
msm.stanford.edu,1
www.quora.com,1
www.stanfordesp.org,1
cochranlab.net,1
acoustics.stanford.edu,1
adl.stanford.edu,1
anthropology.stanford.edu,1
www.web.stanford.edu,1
www.bhattlab.com,1
srb.stanford.edu,1
yuba.stanford.edu,1
www.ndtv.com,1
people.csail.mit.edu,1
ee.stanford.edu,1
marconisociety.org,1
physbam.stanford.edu,1
micromachine.stanford.edu,1
www-cs-students.stanford.edu,1
www.ece.utexas.edu,1
www.imperial.nhs.uk,1
wwwf.imperial.ac.uk,1
www.ch.imperial.ac.uk,1
www.rhodeshouse.ox.ac.uk,1
www.dpag.ox.ac.uk,1
www.oxford-man.ox.ac.uk,1
iris.ucl.ac.uk,1
