website,count
www.chab.ethz.ch,19
www.mavt.ethz.ch,18
www.biol.ethz.ch,10
www.bsse.ethz.ch,8
www.hest.ethz.ch,7
www.phys.ethz.ch,7
www.math.ethz.ch,7
www.ee.ethz.ch,7
www.mtec.ethz.ch,6
www.mat.ethz.ch,6
www.usys.ethz.ch,5
www.gess.ethz.ch,4
www.pb.ethz.ch,3
www.ethz.ch,2
www.inf.ethz.ch,1
www.bc.biol.ethz.ch,1
www.erdw.ethz.ch,1
www.linkedin.com,1
www.fsm.ethz.ch,1
www.researchgate.net,1
www.esc.ethz.ch,1
www.uchospitals.edu,33
www.linkedin.com,27
med-spportal01.bsd.uchicago.edu,17
www.chicagobooth.edu,13
physics.uchicago.edu,11
www.norc.org,10
psychiatry.uchicago.edu,7
www.anl.gov,7
biomedsciences.uchicago.edu,7
www.stat.uchicago.edu,7
political-science.uchicago.edu,6
chicago.academia.edu,6
ime.uchicago.edu,6
harris.uchicago.edu,5
anesthesia.uchicago.edu,5
www.rdcep.org,5
familymedicine.bsd.uchicago.edu,5
economics.uchicago.edu,4
www.cs.uchicago.edu,4
www.radiology.uchicago.edu,4
epic.uchicago.edu,4
www.ci.uchicago.edu,4
neurology.uchicago.edu,3
cmts.uchicago.edu,3
chemistry.uchicago.edu,3
anthropology.uchicago.edu,3
english.uchicago.edu,3
salc.uchicago.edu,3
www.law.uchicago.edu,3
radonc-sites.uchicago.edu,3
psychology.uchicago.edu,3
southasia.uchicago.edu,3
geosci.uchicago.edu,3
cehd.uchicago.edu,3
newfaculty.uchicago.edu,2
ttic.uchicago.edu,2
cs.uchicago.edu,2
philosophy.uchicago.edu,2
pathology.uchicago.edu,2
muruganlab.uchicago.edu,2
health.bsd.uchicago.edu,2
faculty.chicagobooth.edu,2
pritzker.uchicago.edu,2
csmasters.uchicago.edu,2
sociology.uchicago.edu,2
history.uchicago.edu,2
www.researchgate.net,2
astro.uchicago.edu,2
math.uchicago.edu,2
socialthought.uchicago.edu,2
news.uchicago.edu,2
www.chapinhall.org,2
neurobiology.uchicago.edu,2
fvinstitute.com,1
complit.uchicago.edu,1
www.facebook.com,1
people.cs.uchicago.edu,1
scholar.harvard.edu,1
microbiology.uchicago.edu,1
em.uchicago.edu,1
ccct.uchicago.edu,1
www.poetryfoundation.org,1
www.igsb.org,1
www.sanjogmisra.com,1
ccpstudy.uchicago.edu,1
www.mcs.anl.gov,1
music.uchicago.edu,1
kicp.uchicago.edu,1
research.chicagobooth.edu,1
inlaksfoundation.org,1
ksupriya.weebly.com,1
irvinelab.uchicago.edu,1
ultracold.uchicago.edu,1
thetempest.co,1
www.hcp.med.harvard.edu,1
squishycell.uchicago.edu,1
www.contechicago.org,1
tirrell.ime.uchicago.edu,1
genes.uchicago.edu,1
bmb.bsd.uchicago.edu,1
thinakaranlab.uchicago.edu,1
systems.cs.uchicago.edu,1
ci3.uchicago.edu,1
flash.uchicago.edu,1
www.northshore.org,1
stanfordhealthcare.org,119
www.linkedin.com,115
med.stanford.edu,83
profiles.stanford.edu,50
scholar.google.com,45
web.stanford.edu,31
cap.stanford.edu,27
www.gsb.stanford.edu,27
www.researchgate.net,25
biox.stanford.edu,14
twitter.com,13
earth.stanford.edu,12
en.wikipedia.org,11
mathematics.stanford.edu,10
scholar.google.co.in,9
bioengineering.stanford.edu,8
rocketreach.co,8
explorecourses.stanford.edu,6
politicalscience.stanford.edu,6
www.facebook.com,6
economics.stanford.edu,6
stanfordwho.stanford.edu,6
stanford.edu,5
statistics.stanford.edu,5
history.stanford.edu,4
cisac.fsi.stanford.edu,4
healthpolicy.fsi.stanford.edu,4
chemsysbio.stanford.edu,4
gender.stanford.edu,3
dlcl.stanford.edu,3
khavarilab.stanford.edu,3
sociology.stanford.edu,3
www.pubfacts.com,2
www.google.co.in,2
www.imperial.ac.uk,2
ccsre.stanford.edu,2
stemcellphd.stanford.edu,2
ai.stanford.edu,2
www.healthgrades.com,2
www.healthcare4ppl.com,2
neuroscience.stanford.edu,2
,2
medicine.stanford.edu,2
faculty-gsb.stanford.edu,2
energy.stanford.edu,2
music.stanford.edu,2
physics.stanford.edu,2
scid.stanford.edu,2
aa.stanford.edu,2
nmbl.stanford.edu,2
sites.stanford.edu,2
kyg.stanford.edu,2
comm.stanford.edu,2
people.stanford.edu,2
chemh-cbi.stanford.edu,1
www.kist.ed.jp,1
www.yatedo.com,1
www.sdnews.com,1
www.zoominfo.com,1
engineering.stanford.edu,1
www.cureus.com,1
openwetware.org,1
www.mathgenealogy.org,1
taps.stanford.edu,1
sites.fas.harvard.edu,1
sites.harvard.edu,1
shc.stanford.edu,1
astro.temple.edu,1
www.mendeley.com,1
chroniclevitae.com,1
community.chronicle.com,1
ortho.stanford.edu,1
www.zocdoc.com,1
myuha.org,1
medstro.com,1
www.johnmuirhealth.com,1
www.medicinenet.com,1
cssctr.com,1
www.fredhutch.org,1
www.alliancesites.com,1
momentumforhealth.org,1
www.ep3foundation.org,1
www.topnpi.com,1
www.mtncomp.net,1
graphics.stanford.edu,1
www.sutterhealth.org,1
statweb.stanford.edu,1
citeseerx.ist.psu.edu,1
math.iisc.ac.in,1
bmz.stanford.edu,1
radonc.stanford.edu,1
opennpi.com,1
su.org,1
ieeexplore.ieee.org,1
ganguli-gang.stanford.edu,1
www.stanfordchildrens.org,1
www.memorialhermann.org,1
english.stanford.edu,1
www.ashoka.edu.in,1
law.stanford.edu,1
experts.stanford.edu,1
news.stanford.edu,1
daldrup-link-lab.stanford.edu,1
havnet.stanford.edu,1
biodesign.stanford.edu,1
chemistry.stanford.edu,1
ccrma.stanford.edu,1
www.pluralpublishing.com,1
www.instagram.com,1
simes.stanford.edu,1
language.stanford.edu,1
www.mesas.emory.edu,1
tec.fsi.stanford.edu,1
scholar.google.co.uk,1
sites.google.com,1
fsi.stanford.edu,1
ashoksrivastava.com,1
fsi-live.s3.us-west-1.amazonaws.com,1
iriss.stanford.edu,1
www.geog.ox.ac.uk,1
msm.stanford.edu,1
www.quora.com,1
www.stanfordesp.org,1
cochranlab.net,1
acoustics.stanford.edu,1
adl.stanford.edu,1
anthropology.stanford.edu,1
www.web.stanford.edu,1
www.bhattlab.com,1
srb.stanford.edu,1
yuba.stanford.edu,1
www.ndtv.com,1
people.csail.mit.edu,1
ee.stanford.edu,1
marconisociety.org,1
physbam.stanford.edu,1
micromachine.stanford.edu,1
www-cs-students.stanford.edu,1
www.ece.utexas.edu,1
www.imperial.ac.uk,576
www.imperial.nhs.uk,44
wwwf.imperial.ac.uk,14
www.linkedin.com,6
www.ch.imperial.ac.uk,1
www.rhodeshouse.ox.ac.uk,1
www.researchgate.net,1
scholar.google.com,1
www.dpag.ox.ac.uk,1
www.oxford-man.ox.ac.uk,1
iris.ucl.ac.uk,1
